observation_date,usa_gdp_growth,austria_gdp_growth,sample
1990-01-01,2.8210065264833126,3.89082322244712,estimation
1990-04-01,2.4127049641931384,4.51379548578852,estimation
1990-07-01,1.7273622503686998,4.51096018904737,estimation
1990-10-01,0.603062734039327,3.87477186244374,estimation
1991-01-01,-0.9501973946258284,3.32103536904291,estimation
1991-04-01,-0.5389307958117043,3.15137388672455,estimation
1991-07-01,-0.1028088703422103,3.44062829462901,estimation
1991-10-01,1.166401165591067,3.36673909071534,estimation
1992-01-01,2.8589369122488413,3.04953185247285,estimation
1992-04-01,3.16983581451137,2.60736672115254,estimation
1992-07-01,3.6653854414522646,1.56212563509042,estimation
1992-10-01,4.382645388993289,0.639191222159075,estimation
1993-01-01,3.319905807050988,0.0144206911410816,estimation
1993-04-01,2.8066682071459472,0.105376506781973,estimation
1993-07-01,2.2865117406066324,1.046061449856,estimation
1993-10-01,2.6077107599381937,2.06482553690241,estimation
1994-01-01,3.43070693604318,2.63878030194056,estimation
1994-04-01,4.22561068983227,2.23227242366197,estimation
1994-07-01,4.337048254936147,2.1181025737977,estimation
1994-10-01,4.1161670214298764,2.7745753699067106,estimation
1995-01-01,3.4814056272920086,3.30182411874569,estimation
1995-04-01,2.4023751008016907,3.56150333093348,estimation
1995-07-01,2.673325815517958,2.86368627905673,estimation
1995-10-01,2.199791629949535,1.84337044453797,estimation
1996-01-01,2.6013098466592264,1.71311514182786,estimation
1996-04-01,4.002379484223723,2.00183939667642,estimation
1996-07-01,4.0501348871777365,2.41257901194536,estimation
1996-10-01,4.421452442981116,2.01011661617376,estimation
1997-01-01,4.314068944306992,2.64682231810347,estimation
1997-04-01,4.3112717159518725,1.71029310012845,estimation
1997-07-01,4.674702492340368,1.83708597813266,estimation
1997-10-01,4.4835528160312075,2.84707050240036,estimation
1998-01-01,4.855526883310854,2.89749262641124,estimation
1998-04-01,4.092790086335232,4.00481447193346,estimation
1998-07-01,4.10345272756576,3.41043560663996,estimation
1998-10-01,4.883126568525776,3.40128461107285,estimation
1999-01-01,4.8163367927339875,2.87628500579307,estimation
1999-04-01,4.721885912228032,2.94439989327353,estimation
1999-07-01,4.791118246732286,4.36837785140198,estimation
1999-10-01,4.823574270732963,4.33522882127468,estimation
2000-01-01,4.224744861233032,3.45202341490944,estimation
2000-04-01,5.244456811135512,3.6679837036905,estimation
2000-07-01,3.9731723525519063,3.50767786965931,estimation
2000-10-01,2.9055943095086905,3.27909543350637,estimation
2001-01-01,2.197505185670676,2.95084971797315,estimation
2001-04-01,0.9962983270431018,1.49800016549635,estimation
2001-07-01,0.4892362925610898,0.492010237897822,estimation
2001-10-01,0.1673182937314873,0.0505333822453657,estimation
2002-01-01,1.3372586567694578,1.46320895789758,estimation
2002-04-01,1.3253787532159862,2.02099375925271,estimation
2002-07-01,2.146516983061548,1.5972686761822,estimation
2002-10-01,1.9925248221954672,0.853345856366272,estimation
2003-01-01,1.67925701247184,0.227576335567714,estimation
2003-04-01,1.955065152472388,0.659066884420989,estimation
2003-07-01,3.231135387512884,1.42354342656594,estimation
2003-10-01,4.300440651057462,2.23274480333462,estimation
2004-01-01,4.341952085996697,1.94324265624557,estimation
2004-04-01,4.227491217016877,2.28620368007515,estimation
2004-07-01,3.494860356231756,2.6937944469441506,estimation
2004-10-01,3.351104943954794,2.7501355105159706,estimation
2005-01-01,3.9088432572524394,2.78349451495452,estimation
2005-04-01,3.6177355801612014,2.55365275795845,estimation
2005-07-01,3.448598847170808,1.57783442843216,estimation
2005-10-01,2.9727366937913,2.80290875295146,estimation
2006-01-01,3.2131067957182204,3.51269824691065,estimation
2006-04-01,2.972903855620206,3.17016499972638,estimation
2006-07-01,2.325277937424487,3.59393515309507,estimation
2006-10-01,2.6345603763438072,3.54479929664637,estimation
2007-01-01,1.5767249700146917,3.7415655423508305,estimation
2007-04-01,1.9343747200181105,4.25579529855602,estimation
2007-07-01,2.368036077306644,4.2270509711841,estimation
2007-10-01,2.1333646824578967,2.58134123261735,estimation
2008-01-01,1.3924712055185149,3.58204974072656,estimation
2008-04-01,1.3760107660276175,2.31910045985595,estimation
2008-07-01,0.2659672721286815,1.03255057187661,estimation
2008-10-01,-2.541153688421265,-1.44393296654506,estimation
2009-01-01,-3.23422729307832,-4.5189208987237,estimation
2009-04-01,-3.978837405318699,-4.79047811444895,estimation
2009-07-01,-3.1328157006863746,-3.80314296930226,estimation
2009-10-01,0.1055725234829659,-1.04156606549196,estimation
2010-01-01,1.745265844910344,-0.299472296142234,estimation
2010-04-01,2.9135950291180026,1.56503469153617,estimation
2010-07-01,3.344209253779223,2.42312934304565,estimation
2010-10-01,2.775960909312488,3.15937179509984,estimation
2011-01-01,2.0377971996133284,4.55434977337508,estimation
2011-04-01,1.74370886455018,3.14630182534854,estimation
2011-07-01,0.9426534645672434,2.50745269456745,estimation
2011-10-01,1.5430758716065385,1.94798837915231,estimation
2012-01-01,2.638069310886269,1.37294246456754,estimation
2012-04-01,2.4033358391378927,1.06503354040925,estimation
2012-07-01,2.573712314488029,0.828115249162487,estimation
2012-10-01,1.5518520073324675,-0.281055138021624,estimation
2013-01-01,1.7008684857093923,-1.10846793170623,estimation
2013-04-01,1.5199382041070248,-0.321325957851715,estimation
2013-07-01,2.237022493295517,-0.341513062263399,estimation
2013-10-01,3.0091449601746008,0.439938464318534,estimation
2014-01-01,1.6508175559380442,0.833202863278237,estimation
2014-04-01,2.6891521587273104,0.878133225362765,estimation
2014-07-01,3.0597829282017033,0.759351751350601,estimation
2014-10-01,2.68583510114566,1.07849767848189,estimation
2015-01-01,3.9692994988184727,1.10753727636623,estimation
2015-04-01,3.279087860927077,1.17387239704629,estimation
2015-07-01,2.4473213664345224,1.38240565609793,estimation
2015-10-01,2.119861312664845,1.36806173230934,estimation
2016-01-01,1.7950168913806026,2.51821926448941,estimation
2016-04-01,1.4932508327146845,1.87229430984206,estimation
2016-07-01,1.8057615310855253,2.0567232136002,estimation
2016-10-01,2.181566303056399,2.2595825576893,estimation
2017-01-01,2.0874616941966697,2.08110393933538,estimation
2017-04-01,2.3304137937582894,2.48695728641353,estimation
2017-07-01,2.410821412174623,2.57125001402452,estimation
2017-10-01,2.9941434967617537,2.45173292997833,estimation
2018-01-01,3.3288100947591297,2.02686095600486,estimation
2018-04-01,3.2989628465220195,2.50300580254015,estimation
2018-07-01,3.1300306407186707,2.27394820645865,estimation
2018-10-01,2.1251107514845327,2.7550230007022094,estimation
2019-01-01,1.9335587266003904,3.33180157877524,estimation
2019-04-01,2.242125694698218,1.87544479429467,estimation
2019-07-01,2.797216868642822,1.61125723628939,estimation
2019-10-01,3.3517765241980766,0.0098005500284825,estimation
2020-01-01,1.3585350290757243,-2.20293658752486,estimation
2020-04-01,-7.398614958784874,-13.9952401814895,estimation
2020-07-01,-1.3646720997737396,-4.26985169497637,estimation
2020-10-01,-0.9222152417237004,-5.07817936374626,estimation
2021-01-01,1.800754176450553,-4.9411631502901106,estimation
2021-04-01,12.385669309432544,13.8033010611924,estimation
2021-07-01,5.150810995093656,5.260116279185209,estimation
2021-10-01,5.756179192135096,7.11629523547652,estimation
2022-01-01,4.034582077886419,8.50062499228574,estimation
2022-04-01,2.4537929303343313,6.77463770450288,estimation
2022-07-01,2.348973264104076,3.52796515824587,estimation
2022-10-01,1.3170742821654604,3.20455013631753,estimation
2023-01-01,2.3111462286238256,2.7995040120659,estimation
2023-04-01,2.7926104762838992,-1.34550358448741,estimation
2023-07-01,3.2331922827038597,-1.8181321006611,estimation
2023-10-01,3.390893713155098,-2.2539740927645906,estimation
2024-01-01,2.8632943527041217,-2.02564942616683,estimation
2024-04-01,3.1266315239534777,-1.02071915852721,estimation
2024-07-01,2.791389637287608,-0.582990158999708,estimation
2024-10-01,2.3997884845648527,0.32015320007337,estimation
2025-01-01,2.019273013885766,0.332463400139837,forecast_realized
2025-04-01,2.080466508761214,0.491068248606563,forecast_realized
2025-07-01,2.3271732477744567,0.967988658442631,forecast_realized
